team_name,operation_line_id,operation_name,is_engine_variant,base_team,years_active,predecessor,successor,current_name,team_status,titles_constructors,titles_drivers,notes
Scuderia Ferrari,1,Ferrari,FALSE,,1950-present,,,Scuderia Ferrari,ACTIVE,16,16,"Only team in every season since 1950"
Ferrari Marlboro,1,Ferrari,FALSE,Scuderia Ferrari,1950-2011,,,Scuderia Ferrari,RENAMED,,,Sponsor variation
Scuderia Ferrari HP,1,Ferrari,FALSE,Scuderia Ferrari,2024-present,,,Scuderia Ferrari,ACTIVE,,,HP partnership
Tyrrell,2,Mercedes (Tyrrell lineage),FALSE,,1970-1998,,BAR,Mercedes,RENAMED,1,3,Started in wooden shed
BAR,2,Mercedes (Tyrrell lineage),FALSE,,1999-2005,Tyrrell,Honda,Mercedes,RENAMED,0,0,Never won a race
Honda Racing F1 Team,2,Mercedes (Tyrrell lineage),FALSE,,2006-2008,BAR,Brawn GP,Mercedes,RENAMED,0,0,Withdrew 2008 financial crisis
Brawn GP,2,Mercedes (Tyrrell lineage),FALSE,,2009,Honda,Mercedes,Mercedes,RENAMED,1,1,100% championship success rate
Mercedes,2,Mercedes (Tyrrell lineage),FALSE,,2010-present,Brawn GP,,Mercedes,ACTIVE,8,7,Dominant 2014-2021
Stewart Grand Prix,3,Red Bull Racing (Stewart lineage),FALSE,,1997-1999,,Jaguar,Red Bull Racing,RENAMED,0,0,Founded by Jackie Stewart
Jaguar Racing,3,Red Bull Racing (Stewart lineage),FALSE,,2000-2004,Stewart,Red Bull Racing,Red Bull Racing,RENAMED,0,0,Ford factory team
Red Bull Racing,3,Red Bull Racing (Stewart lineage),FALSE,,2005-present,Jaguar,,Red Bull Racing,ACTIVE,6,8,4 Vettel + 4 Verstappen titles
Bruce McLaren Motor Racing,4,McLaren,FALSE,,1966-1972,,McLaren,McLaren,RENAMED,,,Founded by Bruce McLaren
McLaren,4,McLaren,FALSE,,1966-present,Bruce McLaren Motor Racing,,McLaren,ACTIVE,9,12,Second oldest team on grid
McLaren-Ford,4,McLaren,TRUE,McLaren,1960s-1970s,,,McLaren,RENAMED,,,Engine variant
Toleman,5,Alpine (Toleman lineage),FALSE,,1981-1985,,Benetton,Alpine F1 Team,RENAMED,0,0,Senna debut 1984
Benetton,5,Alpine (Toleman lineage),FALSE,,1986-2001,Toleman,Renault,Alpine F1 Team,RENAMED,1,2,Schumacher 1994-95
Renault,5,Alpine (Toleman lineage),FALSE,,2002-2011,Benetton,Lotus F1,Alpine F1 Team,RENAMED,2,2,Alonso 2005-06
Lotus F1 Team,5,Alpine (Toleman lineage),FALSE,,2012-2015,Renault,Renault,Alpine F1 Team,RENAMED,0,0,NOT original Team Lotus
Renault,5,Alpine (Toleman lineage),FALSE,,2016-2020,Lotus F1,Alpine,Alpine F1 Team,RENAMED,0,0,Renault returned
Alpine F1 Team,5,Alpine (Toleman lineage),FALSE,,2021-present,Renault,,Alpine F1 Team,ACTIVE,0,0,Team Enstone nickname
Jordan Grand Prix,6,Aston Martin (Jordan lineage),FALSE,,1991-2005,,Midland,Aston Martin,RENAMED,0,0,2 wins 1998-99
Midland F1 Racing,6,Aston Martin (Jordan lineage),FALSE,,2006,Jordan,Spyker,Aston Martin,RENAMED,0,0,1 season zero points
Spyker F1,6,Aston Martin (Jordan lineage),FALSE,,2007,Midland,Force India,Aston Martin,RENAMED,0,0,Dutch sports car maker
Force India,6,Aston Martin (Jordan lineage),FALSE,,2008-2018,Spyker,Racing Point,Aston Martin,RENAMED,0,0,Best bang-for-buck team
Racing Point,6,Aston Martin (Jordan lineage),FALSE,,2019-2020,Force India,Aston Martin,Aston Martin,RENAMED,0,0,Lawrence Stroll
Aston Martin,6,Aston Martin (Jordan lineage),FALSE,,2021-present,Racing Point,,Aston Martin,ACTIVE,0,0,Historic name returns
Williams Grand Prix Engineering,7,Williams,FALSE,,1977-2013,,Williams Racing,Williams,RENAMED,9,7,Frank Williams from scratch
Williams Racing,7,Williams,FALSE,,1977-present,Williams Grand Prix Engineering,,Williams,ACTIVE,9,7,Dorilton Capital 2020
BMW Williams F1,7,Williams,FALSE,Williams,2000-2005,,,Williams,RENAMED,,,Engine partnership only
Atlassian Williams Racing,7,Williams,FALSE,Williams,2025-present,,,Williams,ACTIVE,,,First title sponsor
Minardi,8,Racing Bulls (Minardi lineage),FALSE,,1985-2005,,Toro Rosso,Racing Bulls,RENAMED,0,0,21 years friendly underdog
Scuderia Toro Rosso,8,Racing Bulls (Minardi lineage),FALSE,,2006-2019,Minardi,AlphaTauri,Racing Bulls,RENAMED,0,0,Red Bull junior team
Scuderia AlphaTauri,8,Racing Bulls (Minardi lineage),FALSE,,2020-2023,Toro Rosso,RB,Racing Bulls,RENAMED,0,0,Fashion brand rebrand
RB,8,Racing Bulls (Minardi lineage),FALSE,,2024,AlphaTauri,Racing Bulls,Racing Bulls,RENAMED,0,0,Placeholder name
Racing Bulls,8,Racing Bulls (Minardi lineage),FALSE,,2025-present,RB,,Racing Bulls,ACTIVE,0,0,Current name
Sauber,9,Kick Sauber (Sauber lineage),FALSE,,1993-2005,,BMW Sauber,Kick Sauber,RENAMED,0,0,Swiss team founded 1970
BMW Sauber,9,Kick Sauber (Sauber lineage),FALSE,,2006-2009,Sauber,Sauber,Kick Sauber,RENAMED,0,0,Only win Kubica 2008
Sauber,9,Kick Sauber (Sauber lineage),FALSE,,2010-2017,BMW Sauber,Alfa Romeo,Kick Sauber,RENAMED,0,0,Peter Sauber bought back
Alfa Romeo,9,Kick Sauber (Sauber lineage),FALSE,,2018-2023,Sauber,Kick Sauber,Kick Sauber,RENAMED,0,0,Title sponsorship not ownership
Alfa Romeo Sauber,9,Kick Sauber (Sauber lineage),FALSE,Alfa Romeo,2018,,,Kick Sauber,RENAMED,,,First year of partnership
Alfa Romeo Racing,9,Kick Sauber (Sauber lineage),FALSE,Alfa Romeo,2019-2023,,,Kick Sauber,RENAMED,,,Name variation
Kick Sauber,9,Kick Sauber (Sauber lineage),FALSE,,2024-present,Alfa Romeo,,Kick Sauber,ACTIVE,0,0,Becomes Audi 2026
Stake F1 Team Kick Sauber,9,Kick Sauber (Sauber lineage),FALSE,Kick Sauber,2024-present,,,Kick Sauber,ACTIVE,,,Official entry name
Haas F1 Team,10,Haas,FALSE,,2016-2022,,MoneyGram Haas,Haas,RENAMED,0,0,First American team since 1986
MoneyGram Haas F1 Team,10,Haas,FALSE,,2023-present,Haas F1 Team,,Haas,ACTIVE,0,0,Title sponsor
Manor Grand Prix,11,Manor (Virgin lineage),FALSE,,2010,,Virgin Racing,Manor Racing,RENAMED,0,0,EXTINCT 2017
Virgin Racing,11,Manor (Virgin lineage),FALSE,,2010-2011,Manor Grand Prix,Marussia Virgin,Manor Racing,RENAMED,0,0,Richard Branson sponsor
Marussia Virgin Racing,11,Manor (Virgin lineage),FALSE,,2011,Virgin,Marussia,Manor Racing,RENAMED,0,0,Marussia Motors bought stake
Marussia F1 Team,11,Manor (Virgin lineage),FALSE,,2012-2014,Marussia Virgin,Manor Marussia,Manor Racing,RENAMED,0,0,Only points Bianchi Monaco 2014
Marussia,11,Manor (Virgin lineage),FALSE,Marussia F1 Team,2012-2014,,,Manor Racing,RENAMED,,,Short name
Manor Marussia F1 Team,11,Manor (Virgin lineage),FALSE,,2015,Marussia,Manor Racing,Manor Racing,RENAMED,0,0,Exited administration
Manor Racing,11,Manor (Virgin lineage),FALSE,,2016-2017,Manor Marussia,,Manor Racing,EXTINCT,0,0,Closed March 2017
Manor,11,Manor (Virgin lineage),FALSE,Manor Racing,2016-2017,,,Manor Racing,EXTINCT,,,Short name
Lotus Racing,12,Caterham (Lotus Racing lineage),FALSE,,2010,,Team Lotus,Caterham,RENAMED,0,0,EXTINCT 2014 - Tony Fernandes
1Malaysia Racing Team,12,Caterham (Lotus Racing lineage),FALSE,Lotus Racing,2010,,,Caterham,RENAMED,,,Official constructor name
Team Lotus,12,Caterham (Lotus Racing lineage),FALSE,,2011,Lotus Racing,Caterham,Caterham,RENAMED,0,0,NOT original Team Lotus
Caterham F1 Team,12,Caterham (Lotus Racing lineage),FALSE,,2012-2014,Team Lotus,,Caterham,EXTINCT,0,0,Went into administration 2014
Caterham,12,Caterham (Lotus Racing lineage),FALSE,Caterham F1 Team,2012-2014,,,Caterham,EXTINCT,,,Short name
March Engineering,13,March,FALSE,,1970-1977,,,March,RENAMED,0,0,EXTINCT 1992 - Sold to ATS
March,13,March,FALSE,,1981-1982,,,March,RENAMED,0,0,Second era failed
March,13,March,FALSE,,1987-1989,,Leyton House,March,RENAMED,0,0,Third era with Leyton House
Leyton House Racing,13,March,FALSE,,1990-1991,March,March,March,RENAMED,0,0,Akagi bought March
March,13,March,FALSE,,1992,Leyton House,,March,EXTINCT,0,0,Final year 3 points only
Leyton House,13,March,FALSE,Leyton House Racing,1990-1991,,,March,RENAMED,,,Short name
Ligier,14,Ligier-Prost,FALSE,,1976-1996,,Prost Grand Prix,Prost Grand Prix,RENAMED,0,0,EXTINCT 2002 - 9 wins
Équipe Ligier,14,Ligier-Prost,FALSE,Ligier,1976-1996,,,Prost Grand Prix,RENAMED,,,Full name
Prost Grand Prix,14,Ligier-Prost,FALSE,,1997-2001,Ligier,,Prost Grand Prix,EXTINCT,0,0,Alain Prost bankruptcy Jan 2002
Prost,14,Ligier-Prost,FALSE,Prost Grand Prix,1997-2001,,,Prost Grand Prix,EXTINCT,,,Short name
Arrows Grand Prix International,15,Arrows,FALSE,,1978-1990,,Footwork,Arrows,RENAMED,0,0,EXTINCT 2003 - 382 GPs zero wins
Arrows,15,Arrows,FALSE,Arrows Grand Prix International,1978-1990,,,Arrows,RENAMED,,,Short name
Footwork,15,Arrows,FALSE,,1991-1995,Arrows,Arrows,Arrows,RENAMED,0,0,Wataru Ohashi investment
Footwork Arrows,15,Arrows,FALSE,Footwork,1991-1995,,,Arrows,RENAMED,,,Full name
Arrows,15,Arrows,FALSE,,1996-2002,Footwork,,Arrows,EXTINCT,0,0,TWR era - liquidation 2003
Osella,16,Osella-Fondmetal,FALSE,,1980-1990,,Fondmetal,Fondmetal,RENAMED,0,0,EXTINCT 1992 - Enzo Osella
Fondmetal,16,Osella-Fondmetal,FALSE,,1991-1992,Osella,,Fondmetal,EXTINCT,0,0,Gabriele Rumi took over
Ensign Racing,17,Ensign,FALSE,,1973-1982,,Theodore,Theodore,MERGED,0,0,MERGED Theodore 1983 - Mo Nunn
Ensign,17,Ensign,FALSE,Ensign Racing,1973-1982,,,Theodore,MERGED,,,Short name
Wolf-Williams,18,Wolf,FALSE,,1976,,Walter Wolf Racing,Fittipaldi,RENAMED,0,0,MERGED Fittipaldi - NOT Williams GP
Walter Wolf Racing,18,Wolf,FALSE,,1977-1979,Wolf-Williams,,Fittipaldi,MERGED,0,0,Merged into Fittipaldi 1979
Wolf,18,Wolf,FALSE,Walter Wolf Racing,1977-1979,,,Fittipaldi,MERGED,,,Short name
Copersucar-Fittipaldi,19,Fittipaldi,FALSE,,1975,,Fittipaldi Automotive,Fittipaldi Automotive,RENAMED,0,0,EXTINCT 1982 - Wilson + Emerson
Fittipaldi Automotive,19,Fittipaldi,FALSE,,1976-1979,Copersucar-Fittipaldi,Skol Fittipaldi,Fittipaldi Automotive,RENAMED,0,0,Moved to UK 1977
Fittipaldi,19,Fittipaldi,FALSE,Fittipaldi Automotive,1976-1979,,,Fittipaldi Automotive,RENAMED,,,Short name
Skol Team Fittipaldi,19,Fittipaldi,FALSE,,1980,Fittipaldi Automotive,Fittipaldi Automotive,Fittipaldi Automotive,RENAMED,0,0,Skol Brasil sponsor
Fittipaldi Automotive,19,Fittipaldi,FALSE,,1981-1982,Skol Team Fittipaldi,,Fittipaldi Automotive,EXTINCT,0,0,Closed 1982
Team Lotus,20,Team Lotus (original),FALSE,,1958-1994,,,Team Lotus,EXTINCT,7,6,EXTINCT 1994 - Colin Chapman - NO SUCCESSOR
Lotus,20,Team Lotus (original),FALSE,Team Lotus,1958-1994,,,Team Lotus,EXTINCT,7,6,Short name - 79 wins
Lotus-BRM,20,Team Lotus (original),TRUE,Team Lotus,1960s,,,Team Lotus,RENAMED,,,Engine variant
Lotus-Climax,20,Team Lotus (original),TRUE,Team Lotus,1960s,,,Team Lotus,RENAMED,,,Engine variant
Brabham,21,Brabham,FALSE,,1960-1992,,,Brabham,EXTINCT,2,4,EXTINCT 1992 - 30 years ~400 GPs
Motor Racing Developments,21,Brabham,FALSE,Brabham,1960-1992,,,Brabham,EXTINCT,,,Legal entity name MRD
Brabham-Alfa Romeo,21,Brabham,TRUE,Brabham,1960s-1970s,,,Brabham,RENAMED,,,Engine variant
Brabham-BRM,21,Brabham,TRUE,Brabham,1960s,,,Brabham,RENAMED,,,Engine variant
Brabham-Climax,21,Brabham,TRUE,Brabham,1960s,,,Brabham,RENAMED,,,Engine variant
Brabham-Ford,21,Brabham,TRUE,Brabham,1970s-1980s,,,Brabham,RENAMED,,,Engine variant
Brabham-Repco,21,Brabham,TRUE,Brabham,1966-1967,,,Brabham,RENAMED,,,Engine variant - 2 titles
Vanwall,22,Vanwall,FALSE,,1954-1960,,,Vanwall,EXTINCT,1,0,EXTINCT 1960 - First Constructors Champion 1958
Cooper,23,Cooper,FALSE,,1950-1969,,,Cooper,EXTINCT,2,2,EXTINCT 1969 - Mid-engine pioneer
Cooper-Alfa Romeo,23,Cooper,TRUE,Cooper,1950s,,,Cooper,RENAMED,,,Engine variant
Cooper-ATS,23,Cooper,TRUE,Cooper,1960s,,,Cooper,RENAMED,,,Engine variant
Cooper-Borgward,23,Cooper,TRUE,Cooper,1950s,,,Cooper,RENAMED,,,Engine variant
Cooper-BRM,23,Cooper,TRUE,Cooper,1960s,,,Cooper,RENAMED,,,Engine variant
Cooper-Castellotti,23,Cooper,TRUE,Cooper,1950s,,,Cooper,RENAMED,,,Engine variant
Cooper-Climax,23,Cooper,TRUE,Cooper,1950s-1960s,,,Cooper,RENAMED,,,Engine variant - 2 titles
Cooper-Ferrari,23,Cooper,TRUE,Cooper,1950s,,,Cooper,RENAMED,,,Engine variant
Cooper-Ford,23,Cooper,TRUE,Cooper,1960s,,,Cooper,RENAMED,,,Engine variant
Cooper-Maserati,23,Cooper,TRUE,Cooper,1960s,,,Cooper,RENAMED,,,Engine variant
Cooper-OSCA,23,Cooper,TRUE,Cooper,1950s,,,Cooper,RENAMED,,,Engine variant
BRM,24,BRM,FALSE,,1951-1977,,,BRM,EXTINCT,1,1,EXTINCT 1977 - British Racing Motors
British Racing Motors,24,BRM,FALSE,BRM,1951-1977,,,BRM,EXTINCT,1,1,Full name
BRM-Ford,24,BRM,TRUE,BRM,1960s,,,BRM,RENAMED,,,Engine variant
Matra,25,Matra,FALSE,,1968-1972,,,Matra,EXTINCT,1,1,EXTINCT 1972 - Ken Tyrrell partnership
Shadow Racing Cars,26,Shadow,FALSE,,1973-1980,,,Shadow,EXTINCT,0,0,EXTINCT 1980 - Don Nichols - 1 win
Shadow,26,Shadow,FALSE,Shadow Racing Cars,1973-1980,,,Shadow,EXTINCT,,,Short name - absorbed by Theodore
Toyota,27,Toyota,FALSE,,2002-2009,,,Toyota,EXTINCT,0,0,EXTINCT 2009 - Zero wins despite massive investment
HRT,28,HRT,FALSE,,2010-2012,,,HRT,EXTINCT,0,0,EXTINCT 2012 - Hispania Racing - zero points
Hispania Racing Team,28,HRT,FALSE,HRT,2010-2012,,,HRT,EXTINCT,,,Full name
Super Aguri,29,Super Aguri,FALSE,,2006-2008,,,Super Aguri,EXTINCT,0,0,EXTINCT 2008 - Aguri Suzuki
Super Aguri F1,29,Super Aguri,FALSE,Super Aguri,2006-2008,,,Super Aguri,EXTINCT,,,Full name
Eagle,30,Eagle,FALSE,,1966-1969,,,Eagle,EXTINCT,0,0,EXTINCT 1969 - Dan Gurney
Eagle-Climax,30,Eagle,TRUE,Eagle,1960s,,,Eagle,RENAMED,,,Engine variant
Eagle-Weslake,30,Eagle,TRUE,Eagle,1960s,,,Eagle,RENAMED,,,Engine variant
Theodore Racing,31,Theodore,FALSE,,1978-1983,,,Theodore,EXTINCT,0,0,EXTINCT 1983 - Merged with Ensign
Theodore,31,Theodore,FALSE,Theodore Racing,1978-1983,,,Theodore,EXTINCT,,,Short name
