feature,importance
dnf,0.49310646587982393
quali_position,0.186161815274506
laps_completed,0.08125221123725244
grid_position,0.03211499730552816
team_avg_position_recent,0.029740546613074285
driver_avg_points_recent,0.018941489824297712
team_momentum,0.01823657743429857
team_avg_points_recent,0.013489615739430295
pit_stops,0.012687083556075883
driver_avg_position_recent,0.011176193037974947
driver_momentum_score,0.010578023376112446
humidity,0.010454953956385463
air_temp,0.009457737450601682
year,0.009340478672938215
avg_position_at_circuit,0.008827721514685588
track_temp,0.008634127888224078
circuit_familiarity,0.004386133813545595
quali_race_gap,0.0020750782065776497
podiums_at_circuit,0.001476908045734288
driver_podiums_recent,0.0014492815664071232
circuit_Hockenheim,0.00126061827398157
rainfall,0.0011572899209490591
circuit_Budapest,0.0010632393838304682
driver_MAG,0.0010023764433091328
team_Haas F1 Team,0.0008156824251884628
circuit_Suzuka Circuit,0.0008121397534542366
team_McLaren,0.0007750933126612018
circuit_Autodromo Nazionale di Monza,0.0007694640006509692
circuit_Sakhir,0.0007534266954527606
team_Racing Point,0.000739236571608166
driver_SAI,0.0007280946637790741
circuit_Silverstone Circuit,0.0007213511284400766
driver_ALB,0.0007158397830340752
circuit_Spa-Francorchamps,0.000675648374491037
driver_wins_recent,0.0006656029213693773
team_Toro Rosso,0.0006539869612444846
circuit_Baku City Circuit,0.0006461986628446838
circuit_Austin,0.0006376764886932536
team_Sauber,0.0005607311534749293
driver_NOR,0.0005537487286177099
team_Williams,0.0005503443763462693
driver_PER,0.0005455149885327497
circuit_Monte Carlo,0.0005430903739488956
team_Red Bull Racing,0.0005393420173208617
driver_STR,0.0005214110471547814
circuit_Marina Bay Street Circuit,0.0005203490279781609
driver_VER,0.0005017349140426512
circuit_São Paulo,0.00046970723020936495
team_Aston Martin,0.00046582075035389115
driver_BOT,0.0004512312844914823
circuit_Montréal,0.0004462183581006252
driver_OCO,0.000444677460837682
wins_at_circuit,0.00043565851169728124
driver_ALO,0.00043115459969311586
driver_GAS,0.00041839515347108513
driver_HUL,0.00041179454200472376
circuit_Melbourne,0.0004107056458483076
driver_SAR,0.00040863988638115167
team_Alfa Romeo,0.00040112536158382967
team_Renault,0.00040095792608753036
circuit_Circuit Park Zandvoort,0.0003974499139340636
circuit_Yas Island,0.00038081706659634366
driver_GIO,0.00037849890493976864
driver_VET,0.00037695304400589406
driver_TSU,0.0003766657580204709
driver_RIC,0.0003727316822188804
driver_RUS,0.0003709013414188543
driver_ANT,0.0003699910062706459
circuit_Las Vegas Street Circuit,0.0003608525458178283
circuit_Lusail,0.0003571609411923068
circuit_Shanghai International Circuit,0.00035082230225368794
circuit_Autodromo Enzo e Dino Ferrari,0.0003499653150598905
driver_LEC,0.0003416304275643223
team_Ferrari,0.00033491177466331154
circuit_Barcelona,0.0003315055527837446
team_AlphaTauri,0.0003161931858594617
team_Kick Sauber,0.0003097852660960301
driver_GRO,0.0003082930638943695
circuit_Mexico City,0.0003029238018358865
team_Alfa Romeo Racing,0.0002926567278324866
driver_PIA,0.0002818783977837941
circuit_Spielberg,0.00024380350202469464
driver_ERI,0.00024189480214102785
team_Mercedes,0.0002357367502170252
driver_HAM,0.00020874948156965643
circuit_Singapore,0.00020365295205842894
driver_LAT,0.0001993183940012893
driver_DEV,0.00018298520165276942
driver_KVY,0.00018105436457508192
driver_ZHO,0.00018063901062708923
driver_BOR,0.00017841097331195677
driver_RAI,0.0001752184360510177
driver_BEA,0.00017481937269761764
circuit_Sochi Autodrom,0.00017429875203757894
circuit_Circuit de Monaco,0.00015189642555717332
driver_VAN,0.00015028856121322275
team_Racing Bulls,0.0001404300211979885
team_RB,0.00012836377982385452
driver_MAZ,0.0001223369981778702
circuit_Le Castellet,0.00011140960883990296
driver_HAD,0.00010569458632820961
team_Force India,9.929322420171191e-05
circuit_Istanbul Park,9.56030119128008e-05
driver_LAW,7.884607855277425e-05
driver_SIR,7.81497409402153e-05
driver_COL,7.067215268872632e-05
circuit_Yas Marina Circuit,5.14241111137161e-05
circuit_Miami Gardens,4.2517185288924225e-05
circuit_Nürburgring,3.7150050227892634e-05
driver_HAR,3.535764010296333e-05
driver_KUB,3.098356495797084e-05
driver_DOO,7.009298087881962e-06
driver_FIT,6.644451145430267e-06
driver_AIT,0.0
driver_MIS,0.0
team_Alpine F1 Team,0.0
circuit_Autodromo Internazionale del Mugello,0.0
circuit_Autódromo Internacional do Algarve,0.0
circuit_Jeddah Corniche Circuit,0.0
circuit_Miami International Autodrome,0.0
